{"first":"ghani","seconed":"baba","third":"usman","fourth":"ghani","fifth":"Ammad","sixth":"khan","seventh":"Amir ","eighth":"khan","nineth":"Ali ","tenth":"Khan","eleventh":"usama ","tewelveth":"khan","thirteen":"Arfa","fourteenth":"khan","fifteenth":"uzma ","sixteenth":"khan","seventeen":"","eightheenth":"","nineteen":"","twenty":"","twentyOne":"","twentyTwo":"","twentyThree":"","twentyFour":"","twentyFive":"","twentySix":"","twentySeven":"","twentyEight":"","twentyNine":"","Thirty":"","ThirtyOne":"","ThirtyTwo":""}