{"first":"ghani","seconed":"baba","third":"usman","fourth":"ghani","fifth":"Ammad","sixth":"khan","seventh":"Amir ","eighth":"khan","nineth":"Ali ","tenth":"Khan","eleventh":"usama ","tewelveth":"khan","thirteen":"Arfa","fourteenth":"khan","fifteenth":"uzma ","sixteenth":"khan","seventeen":"sd","eightheenth":"wde","nineteen":"qwe","twenty":"qwe","twentyOne":"qwe","twentyTwo":"qwe","twentyThree":"qwe","twentyFour":"qwe","twentyFive":"qweqwe","twentySix":"","twentySeven":"wqe","twentyEight":"qwe","twentyNine":"qws","Thirty":"qwew","ThirtyOne":"qwq","ThirtyTwo":"oiij"}